;T Estatístico;p-Valor
4;15.5;0.7421875
12;0.0;0.0078125
24;0.0;0.0078125
